{
  "name": "Thành phố Hồ Chí Minh",
  "code": 79,
  "codename": "thanh_pho_ho_chi_minh",
  "division_type": "thành phố trung ương",
  "phone_code": 28,
  "districts": [
    {
      "name": "Quận 1",
      "code": 760,
      "codename": "quan_1",
      "division_type": "quận",
      "short_codename": "quan_1",
      "wards": [
        {
          "name": "Phường Tân Định",
          "code": 26734,
          "codename": "phuong_tan_dinh",
          "division_type": "phường",
          "short_codename": "tan_dinh"
        },
        {
          "name": "Phường Đa Kao",
          "code": 26737,
          "codename": "phuong_da_kao",
          "division_type": "phường",
          "short_codename": "da_kao"
        },
        {
          "name": "Phường Bến Nghé",
          "code": 26740,
          "codename": "phuong_ben_nghe",
          "division_type": "phường",
          "short_codename": "ben_nghe"
        },
        {
          "name": "Phường Bến Thành",
          "code": 26743,
          "codename": "phuong_ben_thanh",
          "division_type": "phường",
          "short_codename": "ben_thanh"
        },
        {
          "name": "Phường Nguyễn Thái Bình",
          "code": 26746,
          "codename": "phuong_nguyen_thai_binh",
          "division_type": "phường",
          "short_codename": "nguyen_thai_binh"
        },
        {
          "name": "Phường Phạm Ngũ Lão",
          "code": 26749,
          "codename": "phuong_pham_ngu_lao",
          "division_type": "phường",
          "short_codename": "pham_ngu_lao"
        },
        {
          "name": "Phường Cầu Ông Lãnh",
          "code": 26752,
          "codename": "phuong_cau_ong_lanh",
          "division_type": "phường",
          "short_codename": "cau_ong_lanh"
        },
        {
          "name": "Phường Cô Giang",
          "code": 26755,
          "codename": "phuong_co_giang",
          "division_type": "phường",
          "short_codename": "co_giang"
        },
        {
          "name": "Phường Nguyễn Cư Trinh",
          "code": 26758,
          "codename": "phuong_nguyen_cu_trinh",
          "division_type": "phường",
          "short_codename": "nguyen_cu_trinh"
        },
        {
          "name": "Phường Cầu Kho",
          "code": 26761,
          "codename": "phuong_cau_kho",
          "division_type": "phường",
          "short_codename": "cau_kho"
        }
      ]
    },
    {
      "name": "Quận 12",
      "code": 761,
      "codename": "quan_12",
      "division_type": "quận",
      "short_codename": "quan_12",
      "wards": [
        {
          "name": "Phường Thạnh Xuân",
          "code": 26764,
          "codename": "phuong_thanh_xuan",
          "division_type": "phường",
          "short_codename": "thanh_xuan"
        },
        {
          "name": "Phường Thạnh Lộc",
          "code": 26767,
          "codename": "phuong_thanh_loc",
          "division_type": "phường",
          "short_codename": "thanh_loc"
        },
        {
          "name": "Phường Hiệp Thành",
          "code": 26770,
          "codename": "phuong_hiep_thanh",
          "division_type": "phường",
          "short_codename": "hiep_thanh"
        },
        {
          "name": "Phường Thới An",
          "code": 26773,
          "codename": "phuong_thoi_an",
          "division_type": "phường",
          "short_codename": "thoi_an"
        },
        {
          "name": "Phường Tân Chánh Hiệp",
          "code": 26776,
          "codename": "phuong_tan_chanh_hiep",
          "division_type": "phường",
          "short_codename": "tan_chanh_hiep"
        },
        {
          "name": "Phường An Phú Đông",
          "code": 26779,
          "codename": "phuong_an_phu_dong",
          "division_type": "phường",
          "short_codename": "an_phu_dong"
        },
        {
          "name": "Phường Tân Thới Hiệp",
          "code": 26782,
          "codename": "phuong_tan_thoi_hiep",
          "division_type": "phường",
          "short_codename": "tan_thoi_hiep"
        },
        {
          "name": "Phường Trung Mỹ Tây",
          "code": 26785,
          "codename": "phuong_trung_my_tay",
          "division_type": "phường",
          "short_codename": "trung_my_tay"
        },
        {
          "name": "Phường Tân Hưng Thuận",
          "code": 26787,
          "codename": "phuong_tan_hung_thuan",
          "division_type": "phường",
          "short_codename": "tan_hung_thuan"
        },
        {
          "name": "Phường Đông Hưng Thuận",
          "code": 26788,
          "codename": "phuong_dong_hung_thuan",
          "division_type": "phường",
          "short_codename": "dong_hung_thuan"
        },
        {
          "name": "Phường Tân Thới Nhất",
          "code": 26791,
          "codename": "phuong_tan_thoi_nhat",
          "division_type": "phường",
          "short_codename": "tan_thoi_nhat"
        }
      ]
    },
    {
      "name": "Quận Gò Vấp",
      "code": 764,
      "codename": "quan_go_vap",
      "division_type": "quận",
      "short_codename": "go_vap",
      "wards": [
        {
          "name": "Phường 15",
          "code": 26869,
          "codename": "phuong_15",
          "division_type": "phường",
          "short_codename": "phuong_15"
        },
        {
          "name": "Phường 13",
          "code": 26872,
          "codename": "phuong_13",
          "division_type": "phường",
          "short_codename": "phuong_13"
        },
        {
          "name": "Phường 17",
          "code": 26875,
          "codename": "phuong_17",
          "division_type": "phường",
          "short_codename": "phuong_17"
        },
        {
          "name": "Phường 6",
          "code": 26876,
          "codename": "phuong_6",
          "division_type": "phường",
          "short_codename": "phuong_6"
        },
        {
          "name": "Phường 16",
          "code": 26878,
          "codename": "phuong_16",
          "division_type": "phường",
          "short_codename": "phuong_16"
        },
        {
          "name": "Phường 12",
          "code": 26881,
          "codename": "phuong_12",
          "division_type": "phường",
          "short_codename": "phuong_12"
        },
        {
          "name": "Phường 14",
          "code": 26882,
          "codename": "phuong_14",
          "division_type": "phường",
          "short_codename": "phuong_14"
        },
        {
          "name": "Phường 10",
          "code": 26884,
          "codename": "phuong_10",
          "division_type": "phường",
          "short_codename": "phuong_10"
        },
        {
          "name": "Phường 05",
          "code": 26887,
          "codename": "phuong_05",
          "division_type": "phường",
          "short_codename": "phuong_05"
        },
        {
          "name": "Phường 07",
          "code": 26890,
          "codename": "phuong_07",
          "division_type": "phường",
          "short_codename": "phuong_07"
        },
        {
          "name": "Phường 04",
          "code": 26893,
          "codename": "phuong_04",
          "division_type": "phường",
          "short_codename": "phuong_04"
        },
        {
          "name": "Phường 01",
          "code": 26896,
          "codename": "phuong_01",
          "division_type": "phường",
          "short_codename": "phuong_01"
        },
        {
          "name": "Phường 9",
          "code": 26897,
          "codename": "phuong_9",
          "division_type": "phường",
          "short_codename": "phuong_9"
        },
        {
          "name": "Phường 8",
          "code": 26898,
          "codename": "phuong_8",
          "division_type": "phường",
          "short_codename": "phuong_8"
        },
        {
          "name": "Phường 11",
          "code": 26899,
          "codename": "phuong_11",
          "division_type": "phường",
          "short_codename": "phuong_11"
        },
        {
          "name": "Phường 03",
          "code": 26902,
          "codename": "phuong_03",
          "division_type": "phường",
          "short_codename": "phuong_03"
        }
      ]
    },
    {
      "name": "Quận Bình Thạnh",
      "code": 765,
      "codename": "quan_binh_thanh",
      "division_type": "quận",
      "short_codename": "binh_thanh",
      "wards": [
        {
          "name": "Phường 13",
          "code": 26905,
          "codename": "phuong_13",
          "division_type": "phường",
          "short_codename": "phuong_13"
        },
        {
          "name": "Phường 11",
          "code": 26908,
          "codename": "phuong_11",
          "division_type": "phường",
          "short_codename": "phuong_11"
        },
        {
          "name": "Phường 27",
          "code": 26911,
          "codename": "phuong_27",
          "division_type": "phường",
          "short_codename": "phuong_27"
        },
        {
          "name": "Phường 26",
          "code": 26914,
          "codename": "phuong_26",
          "division_type": "phường",
          "short_codename": "phuong_26"
        },
        {
          "name": "Phường 12",
          "code": 26917,
          "codename": "phuong_12",
          "division_type": "phường",
          "short_codename": "phuong_12"
        },
        {
          "name": "Phường 25",
          "code": 26920,
          "codename": "phuong_25",
          "division_type": "phường",
          "short_codename": "phuong_25"
        },
        {
          "name": "Phường 05",
          "code": 26923,
          "codename": "phuong_05",
          "division_type": "phường",
          "short_codename": "phuong_05"
        },
        {
          "name": "Phường 07",
          "code": 26926,
          "codename": "phuong_07",
          "division_type": "phường",
          "short_codename": "phuong_07"
        },
        {
          "name": "Phường 24",
          "code": 26929,
          "codename": "phuong_24",
          "division_type": "phường",
          "short_codename": "phuong_24"
        },
        {
          "name": "Phường 06",
          "code": 26932,
          "codename": "phuong_06",
          "division_type": "phường",
          "short_codename": "phuong_06"
        },
        {
          "name": "Phường 14",
          "code": 26935,
          "codename": "phuong_14",
          "division_type": "phường",
          "short_codename": "phuong_14"
        },
        {
          "name": "Phường 15",
          "code": 26938,
          "codename": "phuong_15",
          "division_type": "phường",
          "short_codename": "phuong_15"
        },
        {
          "name": "Phường 02",
          "code": 26941,
          "codename": "phuong_02",
          "division_type": "phường",
          "short_codename": "phuong_02"
        },
        {
          "name": "Phường 01",
          "code": 26944,
          "codename": "phuong_01",
          "division_type": "phường",
          "short_codename": "phuong_01"
        },
        {
          "name": "Phường 03",
          "code": 26947,
          "codename": "phuong_03",
          "division_type": "phường",
          "short_codename": "phuong_03"
        },
        {
          "name": "Phường 17",
          "code": 26950,
          "codename": "phuong_17",
          "division_type": "phường",
          "short_codename": "phuong_17"
        },
        {
          "name": "Phường 21",
          "code": 26953,
          "codename": "phuong_21",
          "division_type": "phường",
          "short_codename": "phuong_21"
        },
        {
          "name": "Phường 22",
          "code": 26956,
          "codename": "phuong_22",
          "division_type": "phường",
          "short_codename": "phuong_22"
        },
        {
          "name": "Phường 19",
          "code": 26959,
          "codename": "phuong_19",
          "division_type": "phường",
          "short_codename": "phuong_19"
        },
        {
          "name": "Phường 28",
          "code": 26962,
          "codename": "phuong_28",
          "division_type": "phường",
          "short_codename": "phuong_28"
        }
      ]
    },
    {
      "name": "Quận Tân Bình",
      "code": 766,
      "codename": "quan_tan_binh",
      "division_type": "quận",
      "short_codename": "tan_binh",
      "wards": [
        {
          "name": "Phường 02",
          "code": 26965,
          "codename": "phuong_02",
          "division_type": "phường",
          "short_codename": "phuong_02"
        },
        {
          "name": "Phường 04",
          "code": 26968,
          "codename": "phuong_04",
          "division_type": "phường",
          "short_codename": "phuong_04"
        },
        {
          "name": "Phường 12",
          "code": 26971,
          "codename": "phuong_12",
          "division_type": "phường",
          "short_codename": "phuong_12"
        },
        {
          "name": "Phường 13",
          "code": 26974,
          "codename": "phuong_13",
          "division_type": "phường",
          "short_codename": "phuong_13"
        },
        {
          "name": "Phường 01",
          "code": 26977,
          "codename": "phuong_01",
          "division_type": "phường",
          "short_codename": "phuong_01"
        },
        {
          "name": "Phường 03",
          "code": 26980,
          "codename": "phuong_03",
          "division_type": "phường",
          "short_codename": "phuong_03"
        },
        {
          "name": "Phường 11",
          "code": 26983,
          "codename": "phuong_11",
          "division_type": "phường",
          "short_codename": "phuong_11"
        },
        {
          "name": "Phường 07",
          "code": 26986,
          "codename": "phuong_07",
          "division_type": "phường",
          "short_codename": "phuong_07"
        },
        {
          "name": "Phường 05",
          "code": 26989,
          "codename": "phuong_05",
          "division_type": "phường",
          "short_codename": "phuong_05"
        },
        {
          "name": "Phường 10",
          "code": 26992,
          "codename": "phuong_10",
          "division_type": "phường",
          "short_codename": "phuong_10"
        },
        {
          "name": "Phường 06",
          "code": 26995,
          "codename": "phuong_06",
          "division_type": "phường",
          "short_codename": "phuong_06"
        },
        {
          "name": "Phường 08",
          "code": 26998,
          "codename": "phuong_08",
          "division_type": "phường",
          "short_codename": "phuong_08"
        },
        {
          "name": "Phường 09",
          "code": 27001,
          "codename": "phuong_09",
          "division_type": "phường",
          "short_codename": "phuong_09"
        },
        {
          "name": "Phường 14",
          "code": 27004,
          "codename": "phuong_14",
          "division_type": "phường",
          "short_codename": "phuong_14"
        },
        {
          "name": "Phường 15",
          "code": 27007,
          "codename": "phuong_15",
          "division_type": "phường",
          "short_codename": "phuong_15"
        }
      ]
    },
    {
      "name": "Quận Tân Phú",
      "code": 767,
      "codename": "quan_tan_phu",
      "division_type": "quận",
      "short_codename": "tan_phu",
      "wards": [
        {
          "name": "Phường Tân Sơn Nhì",
          "code": 27010,
          "codename": "phuong_tan_son_nhi",
          "division_type": "phường",
          "short_codename": "tan_son_nhi"
        },
        {
          "name": "Phường Tây Thạnh",
          "code": 27013,
          "codename": "phuong_tay_thanh",
          "division_type": "phường",
          "short_codename": "tay_thanh"
        },
        {
          "name": "Phường Sơn Kỳ",
          "code": 27016,
          "codename": "phuong_son_ky",
          "division_type": "phường",
          "short_codename": "son_ky"
        },
        {
          "name": "Phường Tân Quý",
          "code": 27019,
          "codename": "phuong_tan_quy",
          "division_type": "phường",
          "short_codename": "tan_quy"
        },
        {
          "name": "Phường Tân Thành",
          "code": 27022,
          "codename": "phuong_tan_thanh",
          "division_type": "phường",
          "short_codename": "tan_thanh"
        },
        {
          "name": "Phường Phú Thọ Hòa",
          "code": 27025,
          "codename": "phuong_phu_tho_hoa",
          "division_type": "phường",
          "short_codename": "phu_tho_hoa"
        },
        {
          "name": "Phường Phú Thạnh",
          "code": 27028,
          "codename": "phuong_phu_thanh",
          "division_type": "phường",
          "short_codename": "phu_thanh"
        },
        {
          "name": "Phường Phú Trung",
          "code": 27031,
          "codename": "phuong_phu_trung",
          "division_type": "phường",
          "short_codename": "phu_trung"
        },
        {
          "name": "Phường Hòa Thạnh",
          "code": 27034,
          "codename": "phuong_hoa_thanh",
          "division_type": "phường",
          "short_codename": "hoa_thanh"
        },
        {
          "name": "Phường Hiệp Tân",
          "code": 27037,
          "codename": "phuong_hiep_tan",
          "division_type": "phường",
          "short_codename": "hiep_tan"
        },
        {
          "name": "Phường Tân Thới Hòa",
          "code": 27040,
          "codename": "phuong_tan_thoi_hoa",
          "division_type": "phường",
          "short_codename": "tan_thoi_hoa"
        }
      ]
    },
    {
      "name": "Quận Phú Nhuận",
      "code": 768,
      "codename": "quan_phu_nhuan",
      "division_type": "quận",
      "short_codename": "phu_nhuan",
      "wards": [
        {
          "name": "Phường 04",
          "code": 27043,
          "codename": "phuong_04",
          "division_type": "phường",
          "short_codename": "phuong_04"
        },
        {
          "name": "Phường 05",
          "code": 27046,
          "codename": "phuong_05",
          "division_type": "phường",
          "short_codename": "phuong_05"
        },
        {
          "name": "Phường 09",
          "code": 27049,
          "codename": "phuong_09",
          "division_type": "phường",
          "short_codename": "phuong_09"
        },
        {
          "name": "Phường 07",
          "code": 27052,
          "codename": "phuong_07",
          "division_type": "phường",
          "short_codename": "phuong_07"
        },
        {
          "name": "Phường 03",
          "code": 27055,
          "codename": "phuong_03",
          "division_type": "phường",
          "short_codename": "phuong_03"
        },
        {
          "name": "Phường 01",
          "code": 27058,
          "codename": "phuong_01",
          "division_type": "phường",
          "short_codename": "phuong_01"
        },
        {
          "name": "Phường 02",
          "code": 27061,
          "codename": "phuong_02",
          "division_type": "phường",
          "short_codename": "phuong_02"
        },
        {
          "name": "Phường 08",
          "code": 27064,
          "codename": "phuong_08",
          "division_type": "phường",
          "short_codename": "phuong_08"
        },
        {
          "name": "Phường 15",
          "code": 27067,
          "codename": "phuong_15",
          "division_type": "phường",
          "short_codename": "phuong_15"
        },
        {
          "name": "Phường 10",
          "code": 27070,
          "codename": "phuong_10",
          "division_type": "phường",
          "short_codename": "phuong_10"
        },
        {
          "name": "Phường 11",
          "code": 27073,
          "codename": "phuong_11",
          "division_type": "phường",
          "short_codename": "phuong_11"
        },
        {
          "name": "Phường 17",
          "code": 27076,
          "codename": "phuong_17",
          "division_type": "phường",
          "short_codename": "phuong_17"
        },
        {
          "name": "Phường 13",
          "code": 27085,
          "codename": "phuong_13",
          "division_type": "phường",
          "short_codename": "phuong_13"
        }
      ]
    },
    {
      "name": "Thành phố Thủ Đức",
      "code": 769,
      "codename": "thanh_pho_thu_duc",
      "division_type": "thành phố",
      "short_codename": "thu_duc",
      "wards": [
        {
          "name": "Phường Linh Xuân",
          "code": 26794,
          "codename": "phuong_linh_xuan",
          "division_type": "phường",
          "short_codename": "linh_xuan"
        },
        {
          "name": "Phường Bình Chiểu",
          "code": 26797,
          "codename": "phuong_binh_chieu",
          "division_type": "phường",
          "short_codename": "binh_chieu"
        },
        {
          "name": "Phường Linh Trung",
          "code": 26800,
          "codename": "phuong_linh_trung",
          "division_type": "phường",
          "short_codename": "linh_trung"
        },
        {
          "name": "Phường Tam Bình",
          "code": 26803,
          "codename": "phuong_tam_binh",
          "division_type": "phường",
          "short_codename": "tam_binh"
        },
        {
          "name": "Phường Tam Phú",
          "code": 26806,
          "codename": "phuong_tam_phu",
          "division_type": "phường",
          "short_codename": "tam_phu"
        },
        {
          "name": "Phường Hiệp Bình Phước",
          "code": 26809,
          "codename": "phuong_hiep_binh_phuoc",
          "division_type": "phường",
          "short_codename": "hiep_binh_phuoc"
        },
        {
          "name": "Phường Hiệp Bình Chánh",
          "code": 26812,
          "codename": "phuong_hiep_binh_chanh",
          "division_type": "phường",
          "short_codename": "hiep_binh_chanh"
        },
        {
          "name": "Phường Linh Chiểu",
          "code": 26815,
          "codename": "phuong_linh_chieu",
          "division_type": "phường",
          "short_codename": "linh_chieu"
        },
        {
          "name": "Phường Linh Tây",
          "code": 26818,
          "codename": "phuong_linh_tay",
          "division_type": "phường",
          "short_codename": "linh_tay"
        },
        {
          "name": "Phường Linh Đông",
          "code": 26821,
          "codename": "phuong_linh_dong",
          "division_type": "phường",
          "short_codename": "linh_dong"
        },
        {
          "name": "Phường Bình Thọ",
          "code": 26824,
          "codename": "phuong_binh_tho",
          "division_type": "phường",
          "short_codename": "binh_tho"
        },
        {
          "name": "Phường Trường Thọ",
          "code": 26827,
          "codename": "phuong_truong_tho",
          "division_type": "phường",
          "short_codename": "truong_tho"
        },
        {
          "name": "Phường Long Bình",
          "code": 26830,
          "codename": "phuong_long_binh",
          "division_type": "phường",
          "short_codename": "long_binh"
        },
        {
          "name": "Phường Long Thạnh Mỹ",
          "code": 26833,
          "codename": "phuong_long_thanh_my",
          "division_type": "phường",
          "short_codename": "long_thanh_my"
        },
        {
          "name": "Phường Tân Phú",
          "code": 26836,
          "codename": "phuong_tan_phu",
          "division_type": "phường",
          "short_codename": "tan_phu"
        },
        {
          "name": "Phường Hiệp Phú",
          "code": 26839,
          "codename": "phuong_hiep_phu",
          "division_type": "phường",
          "short_codename": "hiep_phu"
        },
        {
          "name": "Phường Tăng Nhơn Phú A",
          "code": 26842,
          "codename": "phuong_tang_nhon_phu_a",
          "division_type": "phường",
          "short_codename": "tang_nhon_phu_a"
        },
        {
          "name": "Phường Tăng Nhơn Phú B",
          "code": 26845,
          "codename": "phuong_tang_nhon_phu_b",
          "division_type": "phường",
          "short_codename": "tang_nhon_phu_b"
        },
        {
          "name": "Phường Phước Long B",
          "code": 26848,
          "codename": "phuong_phuoc_long_b",
          "division_type": "phường",
          "short_codename": "phuoc_long_b"
        },
        {
          "name": "Phường Phước Long A",
          "code": 26851,
          "codename": "phuong_phuoc_long_a",
          "division_type": "phường",
          "short_codename": "phuoc_long_a"
        },
        {
          "name": "Phường Trường Thạnh",
          "code": 26854,
          "codename": "phuong_truong_thanh",
          "division_type": "phường",
          "short_codename": "truong_thanh"
        },
        {
          "name": "Phường Long Phước",
          "code": 26857,
          "codename": "phuong_long_phuoc",
          "division_type": "phường",
          "short_codename": "long_phuoc"
        },
        {
          "name": "Phường Long Trường",
          "code": 26860,
          "codename": "phuong_long_truong",
          "division_type": "phường",
          "short_codename": "long_truong"
        },
        {
          "name": "Phường Phước Bình",
          "code": 26863,
          "codename": "phuong_phuoc_binh",
          "division_type": "phường",
          "short_codename": "phuoc_binh"
        },
        {
          "name": "Phường Phú Hữu",
          "code": 26866,
          "codename": "phuong_phu_huu",
          "division_type": "phường",
          "short_codename": "phu_huu"
        },
        {
          "name": "Phường Thảo Điền",
          "code": 27088,
          "codename": "phuong_thao_dien",
          "division_type": "phường",
          "short_codename": "thao_dien"
        },
        {
          "name": "Phường An Phú",
          "code": 27091,
          "codename": "phuong_an_phu",
          "division_type": "phường",
          "short_codename": "an_phu"
        },
        {
          "name": "Phường An Khánh",
          "code": 27094,
          "codename": "phuong_an_khanh",
          "division_type": "phường",
          "short_codename": "an_khanh"
        },
        {
          "name": "Phường Bình Trưng Đông",
          "code": 27097,
          "codename": "phuong_binh_trung_dong",
          "division_type": "phường",
          "short_codename": "binh_trung_dong"
        },
        {
          "name": "Phường Bình Trưng Tây",
          "code": 27100,
          "codename": "phuong_binh_trung_tay",
          "division_type": "phường",
          "short_codename": "binh_trung_tay"
        },
        {
          "name": "Phường Cát Lái",
          "code": 27109,
          "codename": "phuong_cat_lai",
          "division_type": "phường",
          "short_codename": "cat_lai"
        },
        {
          "name": "Phường Thạnh Mỹ Lợi",
          "code": 27112,
          "codename": "phuong_thanh_my_loi",
          "division_type": "phường",
          "short_codename": "thanh_my_loi"
        },
        {
          "name": "Phường An Lợi Đông",
          "code": 27115,
          "codename": "phuong_an_loi_dong",
          "division_type": "phường",
          "short_codename": "an_loi_dong"
        },
        {
          "name": "Phường Thủ Thiêm",
          "code": 27118,
          "codename": "phuong_thu_thiem",
          "division_type": "phường",
          "short_codename": "thu_thiem"
        }
      ]
    },
    {
      "name": "Quận 3",
      "code": 770,
      "codename": "quan_3",
      "division_type": "quận",
      "short_codename": "quan_3",
      "wards": [
        {
          "name": "Phường 14",
          "code": 27127,
          "codename": "phuong_14",
          "division_type": "phường",
          "short_codename": "phuong_14"
        },
        {
          "name": "Phường 12",
          "code": 27130,
          "codename": "phuong_12",
          "division_type": "phường",
          "short_codename": "phuong_12"
        },
        {
          "name": "Phường 11",
          "code": 27133,
          "codename": "phuong_11",
          "division_type": "phường",
          "short_codename": "phuong_11"
        },
        {
          "name": "Phường 13",
          "code": 27136,
          "codename": "phuong_13",
          "division_type": "phường",
          "short_codename": "phuong_13"
        },
        {
          "name": "Phường Võ Thị Sáu",
          "code": 27139,
          "codename": "phuong_vo_thi_sau",
          "division_type": "phường",
          "short_codename": "vo_thi_sau"
        },
        {
          "name": "Phường 09",
          "code": 27142,
          "codename": "phuong_09",
          "division_type": "phường",
          "short_codename": "phuong_09"
        },
        {
          "name": "Phường 10",
          "code": 27145,
          "codename": "phuong_10",
          "division_type": "phường",
          "short_codename": "phuong_10"
        },
        {
          "name": "Phường 04",
          "code": 27148,
          "codename": "phuong_04",
          "division_type": "phường",
          "short_codename": "phuong_04"
        },
        {
          "name": "Phường 05",
          "code": 27151,
          "codename": "phuong_05",
          "division_type": "phường",
          "short_codename": "phuong_05"
        },
        {
          "name": "Phường 03",
          "code": 27154,
          "codename": "phuong_03",
          "division_type": "phường",
          "short_codename": "phuong_03"
        },
        {
          "name": "Phường 02",
          "code": 27157,
          "codename": "phuong_02",
          "division_type": "phường",
          "short_codename": "phuong_02"
        },
        {
          "name": "Phường 01",
          "code": 27160,
          "codename": "phuong_01",
          "division_type": "phường",
          "short_codename": "phuong_01"
        }
      ]
    },
    {
      "name": "Quận 10",
      "code": 771,
      "codename": "quan_10",
      "division_type": "quận",
      "short_codename": "quan_10",
      "wards": [
        {
          "name": "Phường 15",
          "code": 27163,
          "codename": "phuong_15",
          "division_type": "phường",
          "short_codename": "phuong_15"
        },
        {
          "name": "Phường 13",
          "code": 27166,
          "codename": "phuong_13",
          "division_type": "phường",
          "short_codename": "phuong_13"
        },
        {
          "name": "Phường 14",
          "code": 27169,
          "codename": "phuong_14",
          "division_type": "phường",
          "short_codename": "phuong_14"
        },
        {
          "name": "Phường 12",
          "code": 27172,
          "codename": "phuong_12",
          "division_type": "phường",
          "short_codename": "phuong_12"
        },
        {
          "name": "Phường 11",
          "code": 27175,
          "codename": "phuong_11",
          "division_type": "phường",
          "short_codename": "phuong_11"
        },
        {
          "name": "Phường 10",
          "code": 27178,
          "codename": "phuong_10",
          "division_type": "phường",
          "short_codename": "phuong_10"
        },
        {
          "name": "Phường 09",
          "code": 27181,
          "codename": "phuong_09",
          "division_type": "phường",
          "short_codename": "phuong_09"
        },
        {
          "name": "Phường 01",
          "code": 27184,
          "codename": "phuong_01",
          "division_type": "phường",
          "short_codename": "phuong_01"
        },
        {
          "name": "Phường 08",
          "code": 27187,
          "codename": "phuong_08",
          "division_type": "phường",
          "short_codename": "phuong_08"
        },
        {
          "name": "Phường 02",
          "code": 27190,
          "codename": "phuong_02",
          "division_type": "phường",
          "short_codename": "phuong_02"
        },
        {
          "name": "Phường 04",
          "code": 27193,
          "codename": "phuong_04",
          "division_type": "phường",
          "short_codename": "phuong_04"
        },
        {
          "name": "Phường 07",
          "code": 27196,
          "codename": "phuong_07",
          "division_type": "phường",
          "short_codename": "phuong_07"
        },
        {
          "name": "Phường 05",
          "code": 27199,
          "codename": "phuong_05",
          "division_type": "phường",
          "short_codename": "phuong_05"
        },
        {
          "name": "Phường 06",
          "code": 27202,
          "codename": "phuong_06",
          "division_type": "phường",
          "short_codename": "phuong_06"
        }
      ]
    },
    {
      "name": "Quận 11",
      "code": 772,
      "codename": "quan_11",
      "division_type": "quận",
      "short_codename": "quan_11",
      "wards": [
        {
          "name": "Phường 15",
          "code": 27208,
          "codename": "phuong_15",
          "division_type": "phường",
          "short_codename": "phuong_15"
        },
        {
          "name": "Phường 05",
          "code": 27211,
          "codename": "phuong_05",
          "division_type": "phường",
          "short_codename": "phuong_05"
        },
        {
          "name": "Phường 14",
          "code": 27214,
          "codename": "phuong_14",
          "division_type": "phường",
          "short_codename": "phuong_14"
        },
        {
          "name": "Phường 11",
          "code": 27217,
          "codename": "phuong_11",
          "division_type": "phường",
          "short_codename": "phuong_11"
        },
        {
          "name": "Phường 03",
          "code": 27220,
          "codename": "phuong_03",
          "division_type": "phường",
          "short_codename": "phuong_03"
        },
        {
          "name": "Phường 10",
          "code": 27223,
          "codename": "phuong_10",
          "division_type": "phường",
          "short_codename": "phuong_10"
        },
        {
          "name": "Phường 13",
          "code": 27226,
          "codename": "phuong_13",
          "division_type": "phường",
          "short_codename": "phuong_13"
        },
        {
          "name": "Phường 08",
          "code": 27229,
          "codename": "phuong_08",
          "division_type": "phường",
          "short_codename": "phuong_08"
        },
        {
          "name": "Phường 09",
          "code": 27232,
          "codename": "phuong_09",
          "division_type": "phường",
          "short_codename": "phuong_09"
        },
        {
          "name": "Phường 12",
          "code": 27235,
          "codename": "phuong_12",
          "division_type": "phường",
          "short_codename": "phuong_12"
        },
        {
          "name": "Phường 07",
          "code": 27238,
          "codename": "phuong_07",
          "division_type": "phường",
          "short_codename": "phuong_07"
        },
        {
          "name": "Phường 06",
          "code": 27241,
          "codename": "phuong_06",
          "division_type": "phường",
          "short_codename": "phuong_06"
        },
        {
          "name": "Phường 04",
          "code": 27244,
          "codename": "phuong_04",
          "division_type": "phường",
          "short_codename": "phuong_04"
        },
        {
          "name": "Phường 01",
          "code": 27247,
          "codename": "phuong_01",
          "division_type": "phường",
          "short_codename": "phuong_01"
        },
        {
          "name": "Phường 02",
          "code": 27250,
          "codename": "phuong_02",
          "division_type": "phường",
          "short_codename": "phuong_02"
        },
        {
          "name": "Phường 16",
          "code": 27253,
          "codename": "phuong_16",
          "division_type": "phường",
          "short_codename": "phuong_16"
        }
      ]
    },
    {
      "name": "Quận 4",
      "code": 773,
      "codename": "quan_4",
      "division_type": "quận",
      "short_codename": "quan_4",
      "wards": [
        {
          "name": "Phường 13",
          "code": 27259,
          "codename": "phuong_13",
          "division_type": "phường",
          "short_codename": "phuong_13"
        },
        {
          "name": "Phường 09",
          "code": 27262,
          "codename": "phuong_09",
          "division_type": "phường",
          "short_codename": "phuong_09"
        },
        {
          "name": "Phường 06",
          "code": 27265,
          "codename": "phuong_06",
          "division_type": "phường",
          "short_codename": "phuong_06"
        },
        {
          "name": "Phường 08",
          "code": 27268,
          "codename": "phuong_08",
          "division_type": "phường",
          "short_codename": "phuong_08"
        },
        {
          "name": "Phường 10",
          "code": 27271,
          "codename": "phuong_10",
          "division_type": "phường",
          "short_codename": "phuong_10"
        },
        {
          "name": "Phường 18",
          "code": 27277,
          "codename": "phuong_18",
          "division_type": "phường",
          "short_codename": "phuong_18"
        },
        {
          "name": "Phường 14",
          "code": 27280,
          "codename": "phuong_14",
          "division_type": "phường",
          "short_codename": "phuong_14"
        },
        {
          "name": "Phường 04",
          "code": 27283,
          "codename": "phuong_04",
          "division_type": "phường",
          "short_codename": "phuong_04"
        },
        {
          "name": "Phường 03",
          "code": 27286,
          "codename": "phuong_03",
          "division_type": "phường",
          "short_codename": "phuong_03"
        },
        {
          "name": "Phường 16",
          "code": 27289,
          "codename": "phuong_16",
          "division_type": "phường",
          "short_codename": "phuong_16"
        },
        {
          "name": "Phường 02",
          "code": 27292,
          "codename": "phuong_02",
          "division_type": "phường",
          "short_codename": "phuong_02"
        },
        {
          "name": "Phường 15",
          "code": 27295,
          "codename": "phuong_15",
          "division_type": "phường",
          "short_codename": "phuong_15"
        },
        {
          "name": "Phường 01",
          "code": 27298,
          "codename": "phuong_01",
          "division_type": "phường",
          "short_codename": "phuong_01"
        }
      ]
    },
    {
      "name": "Quận 5",
      "code": 774,
      "codename": "quan_5",
      "division_type": "quận",
      "short_codename": "quan_5",
      "wards": [
        {
          "name": "Phường 04",
          "code": 27301,
          "codename": "phuong_04",
          "division_type": "phường",
          "short_codename": "phuong_04"
        },
        {
          "name": "Phường 09",
          "code": 27304,
          "codename": "phuong_09",
          "division_type": "phường",
          "short_codename": "phuong_09"
        },
        {
          "name": "Phường 03",
          "code": 27307,
          "codename": "phuong_03",
          "division_type": "phường",
          "short_codename": "phuong_03"
        },
        {
          "name": "Phường 12",
          "code": 27310,
          "codename": "phuong_12",
          "division_type": "phường",
          "short_codename": "phuong_12"
        },
        {
          "name": "Phường 02",
          "code": 27313,
          "codename": "phuong_02",
          "division_type": "phường",
          "short_codename": "phuong_02"
        },
        {
          "name": "Phường 08",
          "code": 27316,
          "codename": "phuong_08",
          "division_type": "phường",
          "short_codename": "phuong_08"
        },
        {
          "name": "Phường 07",
          "code": 27322,
          "codename": "phuong_07",
          "division_type": "phường",
          "short_codename": "phuong_07"
        },
        {
          "name": "Phường 01",
          "code": 27325,
          "codename": "phuong_01",
          "division_type": "phường",
          "short_codename": "phuong_01"
        },
        {
          "name": "Phường 11",
          "code": 27328,
          "codename": "phuong_11",
          "division_type": "phường",
          "short_codename": "phuong_11"
        },
        {
          "name": "Phường 14",
          "code": 27331,
          "codename": "phuong_14",
          "division_type": "phường",
          "short_codename": "phuong_14"
        },
        {
          "name": "Phường 05",
          "code": 27334,
          "codename": "phuong_05",
          "division_type": "phường",
          "short_codename": "phuong_05"
        },
        {
          "name": "Phường 06",
          "code": 27337,
          "codename": "phuong_06",
          "division_type": "phường",
          "short_codename": "phuong_06"
        },
        {
          "name": "Phường 10",
          "code": 27340,
          "codename": "phuong_10",
          "division_type": "phường",
          "short_codename": "phuong_10"
        },
        {
          "name": "Phường 13",
          "code": 27343,
          "codename": "phuong_13",
          "division_type": "phường",
          "short_codename": "phuong_13"
        }
      ]
    },
    {
      "name": "Quận 6",
      "code": 775,
      "codename": "quan_6",
      "division_type": "quận",
      "short_codename": "quan_6",
      "wards": [
        {
          "name": "Phường 14",
          "code": 27346,
          "codename": "phuong_14",
          "division_type": "phường",
          "short_codename": "phuong_14"
        },
        {
          "name": "Phường 13",
          "code": 27349,
          "codename": "phuong_13",
          "division_type": "phường",
          "short_codename": "phuong_13"
        },
        {
          "name": "Phường 09",
          "code": 27352,
          "codename": "phuong_09",
          "division_type": "phường",
          "short_codename": "phuong_09"
        },
        {
          "name": "Phường 06",
          "code": 27355,
          "codename": "phuong_06",
          "division_type": "phường",
          "short_codename": "phuong_06"
        },
        {
          "name": "Phường 12",
          "code": 27358,
          "codename": "phuong_12",
          "division_type": "phường",
          "short_codename": "phuong_12"
        },
        {
          "name": "Phường 05",
          "code": 27361,
          "codename": "phuong_05",
          "division_type": "phường",
          "short_codename": "phuong_05"
        },
        {
          "name": "Phường 11",
          "code": 27364,
          "codename": "phuong_11",
          "division_type": "phường",
          "short_codename": "phuong_11"
        },
        {
          "name": "Phường 02",
          "code": 27367,
          "codename": "phuong_02",
          "division_type": "phường",
          "short_codename": "phuong_02"
        },
        {
          "name": "Phường 01",
          "code": 27370,
          "codename": "phuong_01",
          "division_type": "phường",
          "short_codename": "phuong_01"
        },
        {
          "name": "Phường 04",
          "code": 27373,
          "codename": "phuong_04",
          "division_type": "phường",
          "short_codename": "phuong_04"
        },
        {
          "name": "Phường 08",
          "code": 27376,
          "codename": "phuong_08",
          "division_type": "phường",
          "short_codename": "phuong_08"
        },
        {
          "name": "Phường 03",
          "code": 27379,
          "codename": "phuong_03",
          "division_type": "phường",
          "short_codename": "phuong_03"
        },
        {
          "name": "Phường 07",
          "code": 27382,
          "codename": "phuong_07",
          "division_type": "phường",
          "short_codename": "phuong_07"
        },
        {
          "name": "Phường 10",
          "code": 27385,
          "codename": "phuong_10",
          "division_type": "phường",
          "short_codename": "phuong_10"
        }
      ]
    },
    {
      "name": "Quận 8",
      "code": 776,
      "codename": "quan_8",
      "division_type": "quận",
      "short_codename": "quan_8",
      "wards": [
        {
          "name": "Phường 08",
          "code": 27388,
          "codename": "phuong_08",
          "division_type": "phường",
          "short_codename": "phuong_08"
        },
        {
          "name": "Phường 02",
          "code": 27391,
          "codename": "phuong_02",
          "division_type": "phường",
          "short_codename": "phuong_02"
        },
        {
          "name": "Phường 01",
          "code": 27394,
          "codename": "phuong_01",
          "division_type": "phường",
          "short_codename": "phuong_01"
        },
        {
          "name": "Phường 03",
          "code": 27397,
          "codename": "phuong_03",
          "division_type": "phường",
          "short_codename": "phuong_03"
        },
        {
          "name": "Phường 11",
          "code": 27400,
          "codename": "phuong_11",
          "division_type": "phường",
          "short_codename": "phuong_11"
        },
        {
          "name": "Phường 09",
          "code": 27403,
          "codename": "phuong_09",
          "division_type": "phường",
          "short_codename": "phuong_09"
        },
        {
          "name": "Phường 10",
          "code": 27406,
          "codename": "phuong_10",
          "division_type": "phường",
          "short_codename": "phuong_10"
        },
        {
          "name": "Phường 04",
          "code": 27409,
          "codename": "phuong_04",
          "division_type": "phường",
          "short_codename": "phuong_04"
        },
        {
          "name": "Phường 13",
          "code": 27412,
          "codename": "phuong_13",
          "division_type": "phường",
          "short_codename": "phuong_13"
        },
        {
          "name": "Phường 12",
          "code": 27415,
          "codename": "phuong_12",
          "division_type": "phường",
          "short_codename": "phuong_12"
        },
        {
          "name": "Phường 05",
          "code": 27418,
          "codename": "phuong_05",
          "division_type": "phường",
          "short_codename": "phuong_05"
        },
        {
          "name": "Phường 14",
          "code": 27421,
          "codename": "phuong_14",
          "division_type": "phường",
          "short_codename": "phuong_14"
        },
        {
          "name": "Phường 06",
          "code": 27424,
          "codename": "phuong_06",
          "division_type": "phường",
          "short_codename": "phuong_06"
        },
        {
          "name": "Phường 15",
          "code": 27427,
          "codename": "phuong_15",
          "division_type": "phường",
          "short_codename": "phuong_15"
        },
        {
          "name": "Phường 16",
          "code": 27430,
          "codename": "phuong_16",
          "division_type": "phường",
          "short_codename": "phuong_16"
        },
        {
          "name": "Phường 07",
          "code": 27433,
          "codename": "phuong_07",
          "division_type": "phường",
          "short_codename": "phuong_07"
        }
      ]
    },
    {
      "name": "Quận Bình Tân",
      "code": 777,
      "codename": "quan_binh_tan",
      "division_type": "quận",
      "short_codename": "binh_tan",
      "wards": [
        {
          "name": "Phường Bình Hưng Hòa",
          "code": 27436,
          "codename": "phuong_binh_hung_hoa",
          "division_type": "phường",
          "short_codename": "binh_hung_hoa"
        },
        {
          "name": "Phường Bình Hưng Hoà A",
          "code": 27439,
          "codename": "phuong_binh_hung_hoa_a",
          "division_type": "phường",
          "short_codename": "binh_hung_hoa_a"
        },
        {
          "name": "Phường Bình Hưng Hoà B",
          "code": 27442,
          "codename": "phuong_binh_hung_hoa_b",
          "division_type": "phường",
          "short_codename": "binh_hung_hoa_b"
        },
        {
          "name": "Phường Bình Trị Đông",
          "code": 27445,
          "codename": "phuong_binh_tri_dong",
          "division_type": "phường",
          "short_codename": "binh_tri_dong"
        },
        {
          "name": "Phường Bình Trị Đông A",
          "code": 27448,
          "codename": "phuong_binh_tri_dong_a",
          "division_type": "phường",
          "short_codename": "binh_tri_dong_a"
        },
        {
          "name": "Phường Bình Trị Đông B",
          "code": 27451,
          "codename": "phuong_binh_tri_dong_b",
          "division_type": "phường",
          "short_codename": "binh_tri_dong_b"
        },
        {
          "name": "Phường Tân Tạo",
          "code": 27454,
          "codename": "phuong_tan_tao",
          "division_type": "phường",
          "short_codename": "tan_tao"
        },
        {
          "name": "Phường Tân Tạo A",
          "code": 27457,
          "codename": "phuong_tan_tao_a",
          "division_type": "phường",
          "short_codename": "tan_tao_a"
        },
        {
          "name": "Phường An Lạc",
          "code": 27460,
          "codename": "phuong_an_lac",
          "division_type": "phường",
          "short_codename": "an_lac"
        },
        {
          "name": "Phường An Lạc A",
          "code": 27463,
          "codename": "phuong_an_lac_a",
          "division_type": "phường",
          "short_codename": "an_lac_a"
        }
      ]
    },
    {
      "name": "Quận 7",
      "code": 778,
      "codename": "quan_7",
      "division_type": "quận",
      "short_codename": "quan_7",
      "wards": [
        {
          "name": "Phường Tân Thuận Đông",
          "code": 27466,
          "codename": "phuong_tan_thuan_dong",
          "division_type": "phường",
          "short_codename": "tan_thuan_dong"
        },
        {
          "name": "Phường Tân Thuận Tây",
          "code": 27469,
          "codename": "phuong_tan_thuan_tay",
          "division_type": "phường",
          "short_codename": "tan_thuan_tay"
        },
        {
          "name": "Phường Tân Kiểng",
          "code": 27472,
          "codename": "phuong_tan_kieng",
          "division_type": "phường",
          "short_codename": "tan_kieng"
        },
        {
          "name": "Phường Tân Hưng",
          "code": 27475,
          "codename": "phuong_tan_hung",
          "division_type": "phường",
          "short_codename": "tan_hung"
        },
        {
          "name": "Phường Bình Thuận",
          "code": 27478,
          "codename": "phuong_binh_thuan",
          "division_type": "phường",
          "short_codename": "binh_thuan"
        },
        {
          "name": "Phường Tân Quy",
          "code": 27481,
          "codename": "phuong_tan_quy",
          "division_type": "phường",
          "short_codename": "tan_quy"
        },
        {
          "name": "Phường Phú Thuận",
          "code": 27484,
          "codename": "phuong_phu_thuan",
          "division_type": "phường",
          "short_codename": "phu_thuan"
        },
        {
          "name": "Phường Tân Phú",
          "code": 27487,
          "codename": "phuong_tan_phu",
          "division_type": "phường",
          "short_codename": "tan_phu"
        },
        {
          "name": "Phường Tân Phong",
          "code": 27490,
          "codename": "phuong_tan_phong",
          "division_type": "phường",
          "short_codename": "tan_phong"
        },
        {
          "name": "Phường Phú Mỹ",
          "code": 27493,
          "codename": "phuong_phu_my",
          "division_type": "phường",
          "short_codename": "phu_my"
        }
      ]
    },
    {
      "name": "Huyện Củ Chi",
      "code": 783,
      "codename": "huyen_cu_chi",
      "division_type": "huyện",
      "short_codename": "cu_chi",
      "wards": [
        {
          "name": "Thị trấn Củ Chi",
          "code": 27496,
          "codename": "thi_tran_cu_chi",
          "division_type": "thị trấn",
          "short_codename": "cu_chi"
        },
        {
          "name": "Xã Phú Mỹ Hưng",
          "code": 27499,
          "codename": "xa_phu_my_hung",
          "division_type": "xã",
          "short_codename": "phu_my_hung"
        },
        {
          "name": "Xã An Phú",
          "code": 27502,
          "codename": "xa_an_phu",
          "division_type": "xã",
          "short_codename": "an_phu"
        },
        {
          "name": "Xã Trung Lập Thượng",
          "code": 27505,
          "codename": "xa_trung_lap_thuong",
          "division_type": "xã",
          "short_codename": "trung_lap_thuong"
        },
        {
          "name": "Xã An Nhơn Tây",
          "code": 27508,
          "codename": "xa_an_nhon_tay",
          "division_type": "xã",
          "short_codename": "an_nhon_tay"
        },
        {
          "name": "Xã Nhuận Đức",
          "code": 27511,
          "codename": "xa_nhuan_duc",
          "division_type": "xã",
          "short_codename": "nhuan_duc"
        },
        {
          "name": "Xã Phạm Văn Cội",
          "code": 27514,
          "codename": "xa_pham_van_coi",
          "division_type": "xã",
          "short_codename": "pham_van_coi"
        },
        {
          "name": "Xã Phú Hòa Đông",
          "code": 27517,
          "codename": "xa_phu_hoa_dong",
          "division_type": "xã",
          "short_codename": "phu_hoa_dong"
        },
        {
          "name": "Xã Trung Lập Hạ",
          "code": 27520,
          "codename": "xa_trung_lap_ha",
          "division_type": "xã",
          "short_codename": "trung_lap_ha"
        },
        {
          "name": "Xã Trung An",
          "code": 27523,
          "codename": "xa_trung_an",
          "division_type": "xã",
          "short_codename": "trung_an"
        },
        {
          "name": "Xã Phước Thạnh",
          "code": 27526,
          "codename": "xa_phuoc_thanh",
          "division_type": "xã",
          "short_codename": "phuoc_thanh"
        },
        {
          "name": "Xã Phước Hiệp",
          "code": 27529,
          "codename": "xa_phuoc_hiep",
          "division_type": "xã",
          "short_codename": "phuoc_hiep"
        },
        {
          "name": "Xã Tân An Hội",
          "code": 27532,
          "codename": "xa_tan_an_hoi",
          "division_type": "xã",
          "short_codename": "tan_an_hoi"
        },
        {
          "name": "Xã Phước Vĩnh An",
          "code": 27535,
          "codename": "xa_phuoc_vinh_an",
          "division_type": "xã",
          "short_codename": "phuoc_vinh_an"
        },
        {
          "name": "Xã Thái Mỹ",
          "code": 27538,
          "codename": "xa_thai_my",
          "division_type": "xã",
          "short_codename": "thai_my"
        },
        {
          "name": "Xã Tân Thạnh Tây",
          "code": 27541,
          "codename": "xa_tan_thanh_tay",
          "division_type": "xã",
          "short_codename": "tan_thanh_tay"
        },
        {
          "name": "Xã Hòa Phú",
          "code": 27544,
          "codename": "xa_hoa_phu",
          "division_type": "xã",
          "short_codename": "hoa_phu"
        },
        {
          "name": "Xã Tân Thạnh Đông",
          "code": 27547,
          "codename": "xa_tan_thanh_dong",
          "division_type": "xã",
          "short_codename": "tan_thanh_dong"
        },
        {
          "name": "Xã Bình Mỹ",
          "code": 27550,
          "codename": "xa_binh_my",
          "division_type": "xã",
          "short_codename": "binh_my"
        },
        {
          "name": "Xã Tân Phú Trung",
          "code": 27553,
          "codename": "xa_tan_phu_trung",
          "division_type": "xã",
          "short_codename": "tan_phu_trung"
        },
        {
          "name": "Xã Tân Thông Hội",
          "code": 27556,
          "codename": "xa_tan_thong_hoi",
          "division_type": "xã",
          "short_codename": "tan_thong_hoi"
        }
      ]
    },
    {
      "name": "Huyện Hóc Môn",
      "code": 784,
      "codename": "huyen_hoc_mon",
      "division_type": "huyện",
      "short_codename": "hoc_mon",
      "wards": [
        {
          "name": "Thị trấn Hóc Môn",
          "code": 27559,
          "codename": "thi_tran_hoc_mon",
          "division_type": "thị trấn",
          "short_codename": "hoc_mon"
        },
        {
          "name": "Xã Tân Hiệp",
          "code": 27562,
          "codename": "xa_tan_hiep",
          "division_type": "xã",
          "short_codename": "tan_hiep"
        },
        {
          "name": "Xã Nhị Bình",
          "code": 27565,
          "codename": "xa_nhi_binh",
          "division_type": "xã",
          "short_codename": "nhi_binh"
        },
        {
          "name": "Xã Đông Thạnh",
          "code": 27568,
          "codename": "xa_dong_thanh",
          "division_type": "xã",
          "short_codename": "dong_thanh"
        },
        {
          "name": "Xã Tân Thới Nhì",
          "code": 27571,
          "codename": "xa_tan_thoi_nhi",
          "division_type": "xã",
          "short_codename": "tan_thoi_nhi"
        },
        {
          "name": "Xã Thới Tam Thôn",
          "code": 27574,
          "codename": "xa_thoi_tam_thon",
          "division_type": "xã",
          "short_codename": "thoi_tam_thon"
        },
        {
          "name": "Xã Xuân Thới Sơn",
          "code": 27577,
          "codename": "xa_xuan_thoi_son",
          "division_type": "xã",
          "short_codename": "xuan_thoi_son"
        },
        {
          "name": "Xã Tân Xuân",
          "code": 27580,
          "codename": "xa_tan_xuan",
          "division_type": "xã",
          "short_codename": "tan_xuan"
        },
        {
          "name": "Xã Xuân Thới Đông",
          "code": 27583,
          "codename": "xa_xuan_thoi_dong",
          "division_type": "xã",
          "short_codename": "xuan_thoi_dong"
        },
        {
          "name": "Xã Trung Chánh",
          "code": 27586,
          "codename": "xa_trung_chanh",
          "division_type": "xã",
          "short_codename": "trung_chanh"
        },
        {
          "name": "Xã Xuân Thới Thượng",
          "code": 27589,
          "codename": "xa_xuan_thoi_thuong",
          "division_type": "xã",
          "short_codename": "xuan_thoi_thuong"
        },
        {
          "name": "Xã Bà Điểm",
          "code": 27592,
          "codename": "xa_ba_diem",
          "division_type": "xã",
          "short_codename": "ba_diem"
        }
      ]
    },
    {
      "name": "Huyện Bình Chánh",
      "code": 785,
      "codename": "huyen_binh_chanh",
      "division_type": "huyện",
      "short_codename": "binh_chanh",
      "wards": [
        {
          "name": "Thị trấn Tân Túc",
          "code": 27595,
          "codename": "thi_tran_tan_tuc",
          "division_type": "thị trấn",
          "short_codename": "tan_tuc"
        },
        {
          "name": "Xã Phạm Văn Hai",
          "code": 27598,
          "codename": "xa_pham_van_hai",
          "division_type": "xã",
          "short_codename": "pham_van_hai"
        },
        {
          "name": "Xã Vĩnh Lộc A",
          "code": 27601,
          "codename": "xa_vinh_loc_a",
          "division_type": "xã",
          "short_codename": "vinh_loc_a"
        },
        {
          "name": "Xã Vĩnh Lộc B",
          "code": 27604,
          "codename": "xa_vinh_loc_b",
          "division_type": "xã",
          "short_codename": "vinh_loc_b"
        },
        {
          "name": "Xã Bình Lợi",
          "code": 27607,
          "codename": "xa_binh_loi",
          "division_type": "xã",
          "short_codename": "binh_loi"
        },
        {
          "name": "Xã Lê Minh Xuân",
          "code": 27610,
          "codename": "xa_le_minh_xuan",
          "division_type": "xã",
          "short_codename": "le_minh_xuan"
        },
        {
          "name": "Xã Tân Nhựt",
          "code": 27613,
          "codename": "xa_tan_nhut",
          "division_type": "xã",
          "short_codename": "tan_nhut"
        },
        {
          "name": "Xã Tân Kiên",
          "code": 27616,
          "codename": "xa_tan_kien",
          "division_type": "xã",
          "short_codename": "tan_kien"
        },
        {
          "name": "Xã Bình Hưng",
          "code": 27619,
          "codename": "xa_binh_hung",
          "division_type": "xã",
          "short_codename": "binh_hung"
        },
        {
          "name": "Xã Phong Phú",
          "code": 27622,
          "codename": "xa_phong_phu",
          "division_type": "xã",
          "short_codename": "phong_phu"
        },
        {
          "name": "Xã An Phú Tây",
          "code": 27625,
          "codename": "xa_an_phu_tay",
          "division_type": "xã",
          "short_codename": "an_phu_tay"
        },
        {
          "name": "Xã Hưng Long",
          "code": 27628,
          "codename": "xa_hung_long",
          "division_type": "xã",
          "short_codename": "hung_long"
        },
        {
          "name": "Xã Đa Phước",
          "code": 27631,
          "codename": "xa_da_phuoc",
          "division_type": "xã",
          "short_codename": "da_phuoc"
        },
        {
          "name": "Xã Tân Quý Tây",
          "code": 27634,
          "codename": "xa_tan_quy_tay",
          "division_type": "xã",
          "short_codename": "tan_quy_tay"
        },
        {
          "name": "Xã Bình Chánh",
          "code": 27637,
          "codename": "xa_binh_chanh",
          "division_type": "xã",
          "short_codename": "binh_chanh"
        },
        {
          "name": "Xã Quy Đức",
          "code": 27640,
          "codename": "xa_quy_duc",
          "division_type": "xã",
          "short_codename": "quy_duc"
        }
      ]
    },
    {
      "name": "Huyện Nhà Bè",
      "code": 786,
      "codename": "huyen_nha_be",
      "division_type": "huyện",
      "short_codename": "nha_be",
      "wards": [
        {
          "name": "Thị trấn Nhà Bè",
          "code": 27643,
          "codename": "thi_tran_nha_be",
          "division_type": "thị trấn",
          "short_codename": "nha_be"
        },
        {
          "name": "Xã Phước Kiển",
          "code": 27646,
          "codename": "xa_phuoc_kien",
          "division_type": "xã",
          "short_codename": "phuoc_kien"
        },
        {
          "name": "Xã Phước Lộc",
          "code": 27649,
          "codename": "xa_phuoc_loc",
          "division_type": "xã",
          "short_codename": "phuoc_loc"
        },
        {
          "name": "Xã Nhơn Đức",
          "code": 27652,
          "codename": "xa_nhon_duc",
          "division_type": "xã",
          "short_codename": "nhon_duc"
        },
        {
          "name": "Xã Phú Xuân",
          "code": 27655,
          "codename": "xa_phu_xuan",
          "division_type": "xã",
          "short_codename": "phu_xuan"
        },
        {
          "name": "Xã Long Thới",
          "code": 27658,
          "codename": "xa_long_thoi",
          "division_type": "xã",
          "short_codename": "long_thoi"
        },
        {
          "name": "Xã Hiệp Phước",
          "code": 27661,
          "codename": "xa_hiep_phuoc",
          "division_type": "xã",
          "short_codename": "hiep_phuoc"
        }
      ]
    },
    {
      "name": "Huyện Cần Giờ",
      "code": 787,
      "codename": "huyen_can_gio",
      "division_type": "huyện",
      "short_codename": "can_gio",
      "wards": [
        {
          "name": "Thị trấn Cần Thạnh",
          "code": 27664,
          "codename": "thi_tran_can_thanh",
          "division_type": "thị trấn",
          "short_codename": "can_thanh"
        },
        {
          "name": "Xã Bình Khánh",
          "code": 27667,
          "codename": "xa_binh_khanh",
          "division_type": "xã",
          "short_codename": "binh_khanh"
        },
        {
          "name": "Xã Tam Thôn Hiệp",
          "code": 27670,
          "codename": "xa_tam_thon_hiep",
          "division_type": "xã",
          "short_codename": "tam_thon_hiep"
        },
        {
          "name": "Xã An Thới Đông",
          "code": 27673,
          "codename": "xa_an_thoi_dong",
          "division_type": "xã",
          "short_codename": "an_thoi_dong"
        },
        {
          "name": "Xã Thạnh An",
          "code": 27676,
          "codename": "xa_thanh_an",
          "division_type": "xã",
          "short_codename": "thanh_an"
        },
        {
          "name": "Xã Long Hòa",
          "code": 27679,
          "codename": "xa_long_hoa",
          "division_type": "xã",
          "short_codename": "long_hoa"
        },
        {
          "name": "Xã Lý Nhơn",
          "code": 27682,
          "codename": "xa_ly_nhon",
          "division_type": "xã",
          "short_codename": "ly_nhon"
        }
      ]
    }
  ]
},